{
    "length": {
      "cm": {
        "cm": 1,
        "m": 0.01,
        "km": 0.00001,
        "in": 0.393701,
        "ft": 0.0328084,
        "yd": 0.0109361,
        "mile": 0.0000062137
      },
      "m": {
        "cm": 100,
        "m": 1,
        "km": 0.001,
        "in": 39.3701,
        "ft": 3.28084,
        "yd": 1.09361,
        "mile": 0.000621371
      },
      "km": {
        "cm": 100000,
        "m": 1000,
        "km": 1,
        "in": 39370.1,
        "ft": 3280.84,
        "yd": 1093.61,
        "mile": 0.621371
      },
      "in": {
        "cm": 2.54,
        "m": 0.0254,
        "km": 0.0000254,
        "in": 1,
        "ft": 0.0833333,
        "yd": 0.0277778,
        "mile": 0.0000157828
      },
      "ft": {
        "cm": 30.48,
        "m": 0.3048,
        "km": 0.0003048,
        "in": 12,
        "ft": 1,
        "yd": 0.333333,
        "mile": 0.000189394
      },
      "yd": {
        "cm": 91.44,
        "m": 0.9144,
        "km": 0.0009144,
        "in": 36,
        "ft": 3,
        "yd": 1,
        "mile": 0.000568182
      },
      "mile": {
        "cm": 160934,
        "m": 1609.34,
        "km": 1.60934,
        "in": 63360,
        "ft": 5280,
        "yd": 1760,
        "mile": 1
      }
    },
    "weight": {
        "oz": {
            "oz": 1,
            "g": 28.3495,
            "ml": 28.3495,
            "catty": 0.02,
            "kg": 0.0283495,
            "lb": 0.0625,
            "l": 0.0283495,
            "ton": 6.25e-6
          },
          "g": {
            "oz": 0.035274,
            "g": 1,
            "ml": 1,
            "catty": 0.02,
            "kg": 0.001,
            "lb": 0.00220462,
            "l": 0.001,
            "ton": 1e-6
          },
          "ml": {
            "oz": 0.035274,
            "g": 1,
            "ml": 1,
            "catty": 0.02,
            "kg": 0.001,
            "lb": 0.00220462,
            "l": 0.001,
            "ton": 1e-6
          },
          "catty": {
            "oz": 50,
            "g": 500,
            "ml": 500,
            "catty": 1,
            "kg": 0.5,
            "lb": 1.10231,
            "l": 0.5,
            "ton": 1.10231e-4
          },
          "kg": {
            "oz": 35.274,
            "g": 1000,
            "ml": 1000,
            "catty": 20,
            "kg": 1,
            "lb": 2.20462,
            "l": 1,
            "ton": 0.001
          },
          "lb": {
            "oz": 16,
            "g": 453.592,
            "ml": 453.592,
            "catty": 9.072,
            "kg": 0.453592,
            "lb": 1,
            "l": 0.453592,
            "ton": 2.20462e-4
          },
          "l": {
            "oz": 35.274,
            "g": 1000,
            "ml": 1000,
            "catty": 20,
            "kg": 1,
            "lb": 2.20462,
            "l": 1,
            "ton": 1e-3
          },
          "ton": {
            "oz": 32000,
            "g": 1000000,
            "ml": 1000000,
            "catty": 20000,
            "kg": 1000,
            "lb": 2204.62,
            "l": 1000,
            "ton": 1
          }
    },
    "temperature" : {
        "celsius": {
        "fahrenheit": 1.8,
        "kelvin": 273.15
        },
        "fahrenheit": {
        "celsius": 0.5556,
        "kelvin": 255.372
        },
        "kelvin": {
        "celsius": -273.15,
        "fahrenheit": -459.67
        }
    },
    "time": {
      "seconds": {
      "minutes": 0.0166667,
      "hours": 0.000277778,
      "days": 0.0000115741,
      "weeks": 0.0000016534,
      "months": 3.80517e-7,
      "years": 3.17098e-8
    },
    "minutes": {
      "seconds": 60,
      "hours": 0.0166667,
      "days": 0.000694444,
      "weeks": 0.0000992063,
      "months": 2.28345e-5,
      "years": 1.90288e-6
    },
    "hours": {
      "seconds": 3600,
      "minutes": 60,
      "days": 0.0416667,
      "weeks": 0.00595238,
      "months": 0.000190476,
      "years": 8.64052e-5
    },
    "days": {
      "seconds": 86400,
      "minutes": 1440,
      "hours": 24,
      "weeks": 0.142857,
      "months": 0.0328767,
      "years": 0.00273785
    },
    "weeks": {
      "seconds": 604800,
      "minutes": 10080,
      "hours": 168,
      "days": 7,
      "months": 0.229979,
      "years": 0.0191781
    },
    "months": {
      "seconds": 2592000,
      "minutes": 43200,
      "hours": 720,
      "days": 30,
      "weeks": 4.34524,
      "years": 0.0833333
    },
    "years": {
      "seconds": 31536000,
      "minutes": 525600,
      "hours": 8760,
      "days": 365,
      "weeks": 52.1775,
      "months": 12,
      "years": 1
    }
  },
  "area" : {
    "m²": {
      "ft²": 10.7639,
      "acre": 0.000247,
      "hectare": 0.0001,
      "rai": 0.25,
      "ngan": 1,
      "wa²": 0.25
    },
    "ft²": {
      "m²": 0.092903,
      "acre": 2.2957e-5,
      "hectare": 9.2903e-6,
      "rai": 0.0625,
      "ngan": 0.25,
      "wa²": 0.027871
    },
    "acre": {
      "m²": 4046.86,
      "ft²": 43560,
      "hectare": 0.4047,
      "rai": 1.6,
      "ngan": 6.4,
      "wa²": 16
    },
    "hectare": {
      "m²": 10000,
      "ft²": 107639,
      "acre": 2.471,
      "rai": 25,
      "ngan": 100,
      "wa²": 400
    },
    "rai": {
      "m²": 1600,
      "ft²": 17222.2,
      "acre": 0.395,
      "hectare": 0.025,
      "ngan": 4,
      "wa²": 100
    },
    "ngan": {
      "m²": 400,
      "ft²": 4305.56,
      "acre": 0.0247,
      "hectare": 0.0025,
      "rai": 0.25,
      "wa²": 25
    },
    "wa²": {
      "m²": 4,
      "ft²": 43.560,
      "acre": 0.0001,
      "hectare": 0.000025,
      "rai": 0.01,
      "ngan": 0.04
    }
  },
  "speed" : {
    "m/s": {
    "km/h": 3.6,
    "mph": 2.23694,
    "knot": 1.94384
    },
    "km/h": {
    "m/s": 0.277778,
    "mph": 0.621371,
    "knot": 0.539957
    },
    "mph": {
    "m/s": 0.44704,
    "km/h": 1.60934,
    "knot": 0.868976
    },
    "knot": {
    "m/s": 0.514444,
    "km/h": 1.852,
    "mph": 1.15078
    }
  }
}
  